chr,pos,ref,alt,driver,id,ref_len,alt_len,fetched_nucleotides,is_nucleotides_same,ref_start,ref_end,upstream_sequence,downstream_sequence,sequence,mutated_sequence,is_mirna,transcript_id,gene_name,biotype
17,56408612,A,T,1,17_56408612_A_T,1,1,A,True,56408612,56408613,TCTCCGAAGCCCACAGTACACTCATCCATA,AGTAGGAAACACTACACCCTCCAGTGCTGT,TCTCCGAAGCCCACAGTACACTCATCCATAAAGTAGGAAACACTACACCCTCCAGTGCTGT,TCTCCGAAGCCCACAGTACACTCATCCATATAGTAGGAAACACTACACCCTCCAGTGCTGT,1,"['ENST00000384835', 'ENST00000578334', 'ENST00000579003', 'ENST00000579527', 'ENST00000580515', 'ENST00000580633']","['BZRAP1-AS1', 'MIR142']",miRNA
17,56408616,A,C,1,17_56408616_A_C,1,1,A,True,56408616,56408617,CGAAGCCCACAGTACACTCATCCATAAAGT,GGAAACACTACACCCTCCAGTGCTGTTAGT,CGAAGCCCACAGTACACTCATCCATAAAGTAGGAAACACTACACCCTCCAGTGCTGTTAGT,CGAAGCCCACAGTACACTCATCCATAAAGTCGGAAACACTACACCCTCCAGTGCTGTTAGT,1,"['ENST00000384835', 'ENST00000578334', 'ENST00000579003', 'ENST00000579527', 'ENST00000580515', 'ENST00000580633']","['BZRAP1-AS1', 'MIR142']",miRNA
17,56408620,A,G,1,17_56408620_A_G,1,1,A,True,56408620,56408621,GCCCACAGTACACTCATCCATAAAGTAGGA,ACACTACACCCTCCAGTGCTGTTAGTAGTG,GCCCACAGTACACTCATCCATAAAGTAGGAAACACTACACCCTCCAGTGCTGTTAGTAGTG,GCCCACAGTACACTCATCCATAAAGTAGGAGACACTACACCCTCCAGTGCTGTTAGTAGTG,1,"['ENST00000384835', 'ENST00000578334', 'ENST00000579003', 'ENST00000579527', 'ENST00000580515', 'ENST00000580633']","['BZRAP1-AS1', 'MIR142']",miRNA
17,56408620,AA,TG,1,17_56408620_AA_TG,2,2,AA,True,56408620,56408622,GCCCACAGTACACTCATCCATAAAGTAGGA,CACTACACCCTCCAGTGCTGTTAGTAGTGC,GCCCACAGTACACTCATCCATAAAGTAGGAAACACTACACCCTCCAGTGCTGTTAGTAGTGC,GCCCACAGTACACTCATCCATAAAGTAGGATGCACTACACCCTCCAGTGCTGTTAGTAGTGC,1,"['ENST00000384835', 'ENST00000578334', 'ENST00000579003', 'ENST00000579527', 'ENST00000580515', 'ENST00000580633']","['BZRAP1-AS1', 'MIR142']",miRNA
17,56408621,A,G,1,17_56408621_A_G,1,1,A,True,56408621,56408622,CCCACAGTACACTCATCCATAAAGTAGGAA,CACTACACCCTCCAGTGCTGTTAGTAGTGC,CCCACAGTACACTCATCCATAAAGTAGGAAACACTACACCCTCCAGTGCTGTTAGTAGTGC,CCCACAGTACACTCATCCATAAAGTAGGAAGCACTACACCCTCCAGTGCTGTTAGTAGTGC,1,"['ENST00000384835', 'ENST00000578334', 'ENST00000579003', 'ENST00000579527', 'ENST00000580515', 'ENST00000580633']","['BZRAP1-AS1', 'MIR142']",miRNA
17,56408624,C,G,1,17_56408624_C_G,1,1,C,True,56408624,56408625,ACAGTACACTCATCCATAAAGTAGGAAACA,TACACCCTCCAGTGCTGTTAGTAGTGCTTT,ACAGTACACTCATCCATAAAGTAGGAAACACTACACCCTCCAGTGCTGTTAGTAGTGCTTT,ACAGTACACTCATCCATAAAGTAGGAAACAGTACACCCTCCAGTGCTGTTAGTAGTGCTTT,1,"['ENST00000384835', 'ENST00000578334', 'ENST00000579003', 'ENST00000579527', 'ENST00000580515', 'ENST00000580633']","['BZRAP1-AS1', 'MIR142']",miRNA
17,56408624,C,T,1,17_56408624_C_T,1,1,C,True,56408624,56408625,ACAGTACACTCATCCATAAAGTAGGAAACA,TACACCCTCCAGTGCTGTTAGTAGTGCTTT,ACAGTACACTCATCCATAAAGTAGGAAACACTACACCCTCCAGTGCTGTTAGTAGTGCTTT,ACAGTACACTCATCCATAAAGTAGGAAACATTACACCCTCCAGTGCTGTTAGTAGTGCTTT,1,"['ENST00000384835', 'ENST00000578334', 'ENST00000579003', 'ENST00000579527', 'ENST00000580515', 'ENST00000580633']","['BZRAP1-AS1', 'MIR142']",miRNA
17,56408645,G,A,1,17_56408645_G_A,1,1,G,True,56408645,56408646,TAGGAAACACTACACCCTCCAGTGCTGTTA,TAGTGCTTTCTACTTTATGGGTGACTGCAC,TAGGAAACACTACACCCTCCAGTGCTGTTAGTAGTGCTTTCTACTTTATGGGTGACTGCAC,TAGGAAACACTACACCCTCCAGTGCTGTTAATAGTGCTTTCTACTTTATGGGTGACTGCAC,1,"['ENST00000384835', 'ENST00000578334', 'ENST00000579003', 'ENST00000579527', 'ENST00000580515', 'ENST00000580633']","['BZRAP1-AS1', 'MIR142']",miRNA
17,56408647,A,C,1,17_56408647_A_C,1,1,A,True,56408647,56408648,GGAAACACTACACCCTCCAGTGCTGTTAGT,GTGCTTTCTACTTTATGGGTGACTGCACTG,GGAAACACTACACCCTCCAGTGCTGTTAGTAGTGCTTTCTACTTTATGGGTGACTGCACTG,GGAAACACTACACCCTCCAGTGCTGTTAGTCGTGCTTTCTACTTTATGGGTGACTGCACTG,1,"['ENST00000384835', 'ENST00000578334', 'ENST00000579003', 'ENST00000579527', 'ENST00000580515', 'ENST00000580633']","['BZRAP1-AS1', 'MIR142']",miRNA
17,56408656,T,A,1,17_56408656_T_A,1,1,T,True,56408656,56408657,ACACCCTCCAGTGCTGTTAGTAGTGCTTTC,ACTTTATGGGTGACTGCACTGTCTGTCTGT,ACACCCTCCAGTGCTGTTAGTAGTGCTTTCTACTTTATGGGTGACTGCACTGTCTGTCTGT,ACACCCTCCAGTGCTGTTAGTAGTGCTTTCAACTTTATGGGTGACTGCACTGTCTGTCTGT,1,"['ENST00000384835', 'ENST00000578334', 'ENST00000579003', 'ENST00000579527', 'ENST00000580515', 'ENST00000580633']","['BZRAP1-AS1', 'MIR142']",miRNA
22,38243744,G,A,0,22_38243744_G_A,1,1,G,True,38243744,38243745,GAACCAAGGAAGAGACTGTGACTCTTCCTT,GTTCAGGGAAGGTCCTGAACCAAATCGAGG,GAACCAAGGAAGAGACTGTGACTCTTCCTTGGTTCAGGGAAGGTCCTGAACCAAATCGAGG,GAACCAAGGAAGAGACTGTGACTCTTCCTTAGTTCAGGGAAGGTCCTGAACCAAATCGAGG,1,"['ENST00000384963', 'ENST00000609454']","['ANKRD54', 'MIR659']",miRNA
